topic,domain,expertise
Edge Computing Research and Applications,IoT,"Edge Computing applications in IoT with focus on practical implementations. Skills: tableau, spark, machine learning"
Blockchain-based voting systems,Cybersecurity,"Blockchain applications in Cybersecurity with focus on practical implementations. Skills: microservices, sql, deep learning"
Quality inspection using computer vision,AI/ML,"Research methodology and innovation in Computer Vision domain. Skills: hadoop, natural language processing, data mining, postgresql"
Future trends in Data Visualization technology,Data Science,"Data Visualization system design, optimization, and deployment strategies. Skills: microservices, scrum, javascript, natural language processing"
Optimization techniques for Quantum Algorithms systems,Quantum Computing,"Industry applications and case studies of Quantum Algorithms in Quantum Computing. Skills: keras, spark, tensorflow"
Novel approaches to Algorithmic Trading problems,FinTech,"Industry applications and case studies of Algorithmic Trading in FinTech. Skills: kubernetes, spacy, data mining, grafana"
VR/AR Learning implementation challenges and solutions,EdTech,"VR/AR Learning system design, optimization, and deployment strategies. Skills: spacy, devops, natural language processing, grafana"
Business Intelligence implementation challenges and solutions,Data Science,"Business Intelligence system design, optimization, and deployment strategies. Skills: raspberry pi, spark, django, tableau"
Smart Cities Research and Applications,IoT,"Industry applications and case studies of Smart Cities in IoT. Skills: spacy, java, elasticsearch, devops, flask"
Novel approaches to Sustainable Agriculture problems,Green Tech,"Research methodology and innovation in Sustainable Agriculture domain. Skills: ros, gcp, scrum, scikit-learn, java"
Advanced applications of Genomics in Biotech,Biotech,"Research methodology and innovation in Genomics domain. Skills: nltk, spark, terraform, raspberry pi"
Optimization techniques for Telemedicine systems,Healthcare,"Industry applications and case studies of Telemedicine in Healthcare. Skills: spark, statistical analysis, node.js"
Human-Robot Interaction Research and Applications,Robotics,"Human-Robot Interaction system design, optimization, and deployment strategies. Skills: powerbi, postgresql, flask, raspberry pi, terraform"
Explainable AI Research and Applications,AI/ML,"Research methodology and innovation in Explainable AI domain. Skills: nltk, websockets, arduino"
Algorithmic Trading Research and Applications,FinTech,"Algorithmic Trading system design, optimization, and deployment strategies. Skills: pytorch, react, computer vision"
Serverless Research and Applications,Cloud Computing,"Serverless system design, optimization, and deployment strategies. Skills: deep learning, graphql, tensorflow, elasticsearch, arduino"
Novel approaches to Distributed Systems problems,Cloud Computing,"Research methodology and innovation in Distributed Systems domain. Skills: elasticsearch, gcp, cloud computing, pytorch"
Future trends in Quantum Algorithms technology,Quantum Computing,"Research methodology and innovation in Quantum Algorithms domain. Skills: postgresql, rest api, aws, websockets, keras"
Optimization techniques for Reinforcement Learning systems,AI/ML,"Theoretical foundations and advanced techniques in Reinforcement Learning. Skills: terraform, gcp, cloud computing"
Optimization techniques for Quantum Cryptography systems,Quantum Computing,"Quantum Cryptography system design, optimization, and deployment strategies. Skills: pytorch, natural language processing, data mining, microservices, ci/cd"
Optimization techniques for RegTech systems,FinTech,"Theoretical foundations and advanced techniques in RegTech. Skills: huggingface, keras, computer vision, nosql"
Industrial IoT implementation challenges and solutions,IoT,"Research methodology and innovation in Industrial IoT domain. Skills: python, prometheus, nosql"
Novel approaches to Human-Robot Interaction problems,Robotics,"Industry applications and case studies of Human-Robot Interaction in Robotics. Skills: computer vision, time series, ros, terraform, pytorch"
Genomics Research and Applications,Biotech,"Research methodology and innovation in Genomics domain. Skills: websockets, flask, pytorch, azure, computer vision"
Text summarization for legal documents,AI/ML,"Industry applications and case studies of NLP in AI/ML. Skills: statistical analysis, grafana, deep learning, tensorflow"
Future trends in Sustainable Agriculture technology,Green Tech,"Sustainable Agriculture system design, optimization, and deployment strategies. Skills: kubernetes, spacy, huggingface, aws, nltk"
Novel approaches to Business Intelligence problems,Data Science,"Business Intelligence applications in Data Science with focus on practical implementations. Skills: grafana, microservices, cloud computing, docker, spacy"
Optimization techniques for Business Intelligence systems,Data Science,"Business Intelligence applications in Data Science with focus on practical implementations. Skills: ros, arduino, kubernetes, opencv"
Microservices Research and Applications,Cloud Computing,"Industry applications and case studies of Microservices in Cloud Computing. Skills: deep learning, kubernetes, nltk, git"
Climate Modeling Research and Applications,Green Tech,"Industry applications and case studies of Climate Modeling in Green Tech. Skills: tableau, huggingface, time series, keras"
Future trends in VR/AR Learning technology,EdTech,"Research methodology and innovation in VR/AR Learning domain. Skills: statistical analysis, ci/cd, powerbi"
Microservices implementation challenges and solutions,Cloud Computing,"Research methodology and innovation in Microservices domain. Skills: sql, cloud computing, python, time series, django"
Novel approaches to Human-Robot Interaction problems,Robotics,"Human-Robot Interaction applications in Robotics with focus on practical implementations. Skills: gcp, agile, java, arduino"
Industrial Robotics Research and Applications,Robotics,"Industrial Robotics applications in Robotics with focus on practical implementations. Skills: cloud computing, ansible, react, rest api"
Advanced applications of Drones in Robotics,Robotics,"Industry applications and case studies of Drones in Robotics. Skills: huggingface, azure, time series, raspberry pi"
Future trends in Autonomous Vehicles technology,Robotics,"Autonomous Vehicles system design, optimization, and deployment strategies. Skills: flask, docker, kubernetes, reinforcement learning, arduino"
Novel approaches to Business Intelligence problems,Data Science,"Theoretical foundations and advanced techniques in Business Intelligence. Skills: elasticsearch, kubernetes, computer vision, spark"
IoT-based traffic management,IoT,"Smart Cities system design, optimization, and deployment strategies. Skills: terraform, time series, sql, statistical analysis, websockets"
Novel approaches to Risk Assessment problems,FinTech,"Theoretical foundations and advanced techniques in Risk Assessment. Skills: natural language processing, devops, websockets, node.js"
Future trends in Industrial IoT technology,IoT,"Research methodology and innovation in Industrial IoT domain. Skills: graphql, devops, ros, java"
Future trends in Business Intelligence technology,Data Science,"Business Intelligence system design, optimization, and deployment strategies. Skills: react, hadoop, keras, azure"
Novel approaches to Risk Assessment problems,FinTech,"Industry applications and case studies of Risk Assessment in FinTech. Skills: microservices, websockets, tableau, huggingface"
Optimization techniques for Climate Modeling systems,Green Tech,"Climate Modeling system design, optimization, and deployment strategies. Skills: hadoop, scrum, ansible"
Smart Cities Research and Applications,IoT,"Research methodology and innovation in Smart Cities domain. Skills: spacy, opencv, reinforcement learning, huggingface"
Educational Analytics Research and Applications,EdTech,"Educational Analytics system design, optimization, and deployment strategies. Skills: azure, sql, ansible"
Optimization techniques for Digital Health systems,Healthcare,"Industry applications and case studies of Digital Health in Healthcare. Skills: git, graphql, javascript"
Distributed Systems Research and Applications,Cloud Computing,"Distributed Systems system design, optimization, and deployment strategies. Skills: aws, tensorflow, postgresql, c++"
Advanced applications of Drones in Robotics,Robotics,"Drones system design, optimization, and deployment strategies. Skills: microservices, aws, statistical analysis"
Educational Analytics Research and Applications,EdTech,"Educational Analytics system design, optimization, and deployment strategies. Skills: opencv, rest api, reinforcement learning"
Advanced applications of Containerization in Cloud Computing,Cloud Computing,"Research methodology and innovation in Containerization domain. Skills: mongodb, time series, powerbi, scrum"
Optimization techniques for Risk Assessment systems,FinTech,"Theoretical foundations and advanced techniques in Risk Assessment. Skills: devops, node.js, keras, scikit-learn"
Predictive Modeling Research and Applications,Data Science,"Theoretical foundations and advanced techniques in Predictive Modeling. Skills: nosql, docker, pytorch"
Optimization techniques for Quantum Algorithms systems,Quantum Computing,"Quantum Algorithms system design, optimization, and deployment strategies. Skills: prometheus, hadoop, nosql, deep learning"
Multilingual translation systems,AI/ML,"Theoretical foundations and advanced techniques in NLP. Skills: rest api, node.js, azure"
Future trends in VR/AR Learning technology,EdTech,"VR/AR Learning system design, optimization, and deployment strategies. Skills: elasticsearch, microservices, agile"
Digital Health Research and Applications,Healthcare,"Industry applications and case studies of Digital Health in Healthcare. Skills: scikit-learn, azure, nltk"
Smart Cities Research and Applications,IoT,"Smart Cities system design, optimization, and deployment strategies. Skills: computer vision, java, hadoop, huggingface"
Novel approaches to Business Intelligence problems,Data Science,"Business Intelligence applications in Data Science with focus on practical implementations. Skills: flask, elasticsearch, node.js"
Future trends in Containerization technology,Cloud Computing,"Containerization system design, optimization, and deployment strategies. Skills: opencv, mongodb, reinforcement learning"
VR/AR Learning Research and Applications,EdTech,"Research methodology and innovation in VR/AR Learning domain. Skills: hadoop, mongodb, websockets"
Risk Assessment Research and Applications,FinTech,"Risk Assessment system design, optimization, and deployment strategies. Skills: java, aws, devops, huggingface"
Microservices implementation challenges and solutions,Cloud Computing,"Microservices system design, optimization, and deployment strategies. Skills: c++, agile, ros, rest api, nltk"
Novel approaches to Genomics problems,Biotech,"Genomics applications in Biotech with focus on practical implementations. Skills: python, ansible, nltk, java, aws"
Future trends in Quantum ML technology,Quantum Computing,"Industry applications and case studies of Quantum ML in Quantum Computing. Skills: mongodb, prometheus, rest api, scikit-learn"
Quantum Algorithms Research and Applications,Quantum Computing,"Quantum Algorithms applications in Quantum Computing with focus on practical implementations. Skills: hadoop, rest api, spacy, sql, graphql"
Digital Banking Research and Applications,FinTech,"Industry applications and case studies of Digital Banking in FinTech. Skills: ci/cd, terraform, git"
Edge Computing Research and Applications,IoT,"Edge Computing system design, optimization, and deployment strategies. Skills: pytorch, scikit-learn, tableau, agile"
Risk Assessment implementation challenges and solutions,FinTech,"Risk Assessment applications in FinTech with focus on practical implementations. Skills: sql, spacy, ros"
VR/AR Learning implementation challenges and solutions,EdTech,"VR/AR Learning system design, optimization, and deployment strategies. Skills: statistical analysis, cloud computing, aws, elasticsearch"
Future trends in Explainable AI technology,AI/ML,"Research methodology and innovation in Explainable AI domain. Skills: natural language processing, reinforcement learning, microservices, docker, tableau"
Novel approaches to Adaptive Learning problems,EdTech,"Research methodology and innovation in Adaptive Learning domain. Skills: pytorch, time series, flask, arduino, ci/cd"
Algorithmic Trading implementation challenges and solutions,FinTech,"Industry applications and case studies of Algorithmic Trading in FinTech. Skills: ansible, nosql, agile"
Chatbot development for customer service,AI/ML,"Theoretical foundations and advanced techniques in NLP. Skills: time series, mongodb, spark, hadoop, python"
Advanced applications of Sustainable Agriculture in Green Tech,Green Tech,"Sustainable Agriculture applications in Green Tech with focus on practical implementations. Skills: opencv, natural language processing, spark"
X-ray classification for pneumonia detection,Healthcare,"Industry applications and case studies of Medical Imaging in Healthcare. Skills: java, natural language processing, ros, devops, keras"
Industrial IoT Research and Applications,IoT,"Theoretical foundations and advanced techniques in Industrial IoT. Skills: mongodb, rest api, terraform, java, git"
Advanced applications of Serverless in Cloud Computing,Cloud Computing,"Serverless system design, optimization, and deployment strategies. Skills: gcp, flask, grafana"
Future trends in Bioinformatics technology,Healthcare,"Theoretical foundations and advanced techniques in Bioinformatics. Skills: machine learning, time series, natural language processing, statistical analysis"
Novel approaches to Autonomous Vehicles problems,Robotics,"Industry applications and case studies of Autonomous Vehicles in Robotics. Skills: tableau, spacy, node.js, azure"
Autonomous Vehicles Research and Applications,Robotics,"Research methodology and innovation in Autonomous Vehicles domain. Skills: websockets, spark, keras, c++, ansible"
Quantum Algorithms Research and Applications,Quantum Computing,"Quantum Algorithms applications in Quantum Computing with focus on practical implementations. Skills: grafana, hadoop, scikit-learn"
Big Data Analytics Research and Applications,Data Science,"Industry applications and case studies of Big Data Analytics in Data Science. Skills: elasticsearch, git, powerbi, raspberry pi, grafana"
Industrial Robotics implementation challenges and solutions,Robotics,"Research methodology and innovation in Industrial Robotics domain. Skills: gcp, raspberry pi, scrum, mongodb, docker"
Big Data Analytics implementation challenges and solutions,Data Science,"Big Data Analytics applications in Data Science with focus on practical implementations. Skills: statistical analysis, tableau, git, grafana"
Generative AI implementation challenges and solutions,AI/ML,"Research methodology and innovation in Generative AI domain. Skills: spacy, tableau, graphql"
Data Visualization Research and Applications,Data Science,"Research methodology and innovation in Data Visualization domain. Skills: time series, django, sql"
Novel approaches to Business Intelligence problems,Data Science,"Business Intelligence applications in Data Science with focus on practical implementations. Skills: cloud computing, docker, node.js"
Edge Computing implementation challenges and solutions,IoT,"Edge Computing system design, optimization, and deployment strategies. Skills: elasticsearch, pytorch, spacy"
Novel approaches to VR/AR Learning problems,EdTech,"VR/AR Learning applications in EdTech with focus on practical implementations. Skills: git, elasticsearch, spacy, c++"
Digital Health Research and Applications,Healthcare,"Theoretical foundations and advanced techniques in Digital Health. Skills: powerbi, prometheus, pytorch, elasticsearch"
Future trends in Risk Assessment technology,FinTech,"Industry applications and case studies of Risk Assessment in FinTech. Skills: graphql, mongodb, agile"
Federated Learning implementation challenges and solutions,AI/ML,"Federated Learning applications in AI/ML with focus on practical implementations. Skills: python, prometheus, machine learning, statistical analysis"
Serverless implementation challenges and solutions,Cloud Computing,"Industry applications and case studies of Serverless in Cloud Computing. Skills: django, agile, raspberry pi, react, rest api"
Digital Health Research and Applications,Healthcare,"Digital Health system design, optimization, and deployment strategies. Skills: computer vision, kubernetes, deep learning, ros"
Educational Analytics Research and Applications,EdTech,"Industry applications and case studies of Educational Analytics in EdTech. Skills: agile, git, terraform, ros, computer vision"
Optimization techniques for Containerization systems,Cloud Computing,"Containerization system design, optimization, and deployment strategies. Skills: arduino, huggingface, gcp, time series, azure"
Advanced applications of RegTech in FinTech,FinTech,"Theoretical foundations and advanced techniques in RegTech. Skills: javascript, node.js, graphql"
Optimization techniques for VR/AR Learning systems,EdTech,"VR/AR Learning system design, optimization, and deployment strategies. Skills: natural language processing, azure, django, raspberry pi, powerbi"
Edge Computing Research and Applications,IoT,"Edge Computing system design, optimization, and deployment strategies. Skills: node.js, c++, scikit-learn"
Renewable Energy Research and Applications,Green Tech,"Theoretical foundations and advanced techniques in Renewable Energy. Skills: raspberry pi, deep learning, arduino, graphql, flask"
Optimization techniques for Quantum Cryptography systems,Quantum Computing,"Quantum Cryptography applications in Quantum Computing with focus on practical implementations. Skills: arduino, websockets, computer vision, ros, huggingface"
Drug Discovery implementation challenges and solutions,Healthcare,"Drug Discovery applications in Healthcare with focus on practical implementations. Skills: azure, node.js, websockets, deep learning"
Reinforcement Learning Research and Applications,AI/ML,"Research methodology and innovation in Reinforcement Learning domain. Skills: git, opencv, devops, terraform"
Future trends in Educational Analytics technology,EdTech,"Theoretical foundations and advanced techniques in Educational Analytics. Skills: django, scikit-learn, git, java, scrum"
Future trends in Climate Modeling technology,Green Tech,"Industry applications and case studies of Climate Modeling in Green Tech. Skills: powerbi, elasticsearch, raspberry pi"
Novel approaches to Serverless problems,Cloud Computing,"Industry applications and case studies of Serverless in Cloud Computing. Skills: statistical analysis, sql, hadoop"
Future trends in Industrial Robotics technology,Robotics,"Theoretical foundations and advanced techniques in Industrial Robotics. Skills: devops, graphql, tableau, c++"
Edge Computing Research and Applications,IoT,"Industry applications and case studies of Edge Computing in IoT. Skills: agile, websockets, machine learning, arduino, nosql"
Text summarization for legal documents,AI/ML,"Industry applications and case studies of NLP in AI/ML. Skills: scrum, statistical analysis, keras, raspberry pi, nltk"
Advanced applications of Threat Detection in Cybersecurity,Cybersecurity,"Industry applications and case studies of Threat Detection in Cybersecurity. Skills: python, nltk, huggingface"
Optimization techniques for Predictive Modeling systems,Data Science,"Research methodology and innovation in Predictive Modeling domain. Skills: cloud computing, deep learning, ci/cd"
Optimization techniques for Bioinformatics systems,Healthcare,"Research methodology and innovation in Bioinformatics domain. Skills: huggingface, react, spacy, flask, sql"
Threat Detection implementation challenges and solutions,Cybersecurity,"Threat Detection applications in Cybersecurity with focus on practical implementations. Skills: node.js, reinforcement learning, graphql"
Optimization techniques for Big Data Analytics systems,Data Science,"Industry applications and case studies of Big Data Analytics in Data Science. Skills: react, powerbi, raspberry pi, tableau, microservices"
VR/AR Learning Research and Applications,EdTech,"VR/AR Learning system design, optimization, and deployment strategies. Skills: react, pytorch, hadoop, terraform"
Quantum Cryptography implementation challenges and solutions,Quantum Computing,"Theoretical foundations and advanced techniques in Quantum Cryptography. Skills: kubernetes, sql, ansible"
Data Visualization implementation challenges and solutions,Data Science,"Data Visualization system design, optimization, and deployment strategies. Skills: raspberry pi, python, natural language processing"
Precision Medicine Research and Applications,Biotech,"Theoretical foundations and advanced techniques in Precision Medicine. Skills: graphql, flask, data mining, tableau, git"
Future trends in Algorithmic Trading technology,FinTech,"Research methodology and innovation in Algorithmic Trading domain. Skills: java, azure, natural language processing"
Advanced applications of Sustainable Agriculture in Green Tech,Green Tech,"Sustainable Agriculture applications in Green Tech with focus on practical implementations. Skills: django, deep learning, mongodb, tensorflow"
RegTech implementation challenges and solutions,FinTech,"Research methodology and innovation in RegTech domain. Skills: docker, deep learning, azure, prometheus"
Future trends in Threat Detection technology,Cybersecurity,"Threat Detection system design, optimization, and deployment strategies. Skills: computer vision, javascript, statistical analysis, devops, django"
Data Visualization Research and Applications,Data Science,"Research methodology and innovation in Data Visualization domain. Skills: computer vision, natural language processing, arduino, ci/cd"
Advanced applications of Wearables in IoT,IoT,"Research methodology and innovation in Wearables domain. Skills: keras, node.js, time series, aws"
Edge Computing implementation challenges and solutions,IoT,"Theoretical foundations and advanced techniques in Edge Computing. Skills: tensorflow, graphql, elasticsearch"
Distributed Systems Research and Applications,Cloud Computing,"Research methodology and innovation in Distributed Systems domain. Skills: postgresql, websockets, keras"
Genomics Research and Applications,Biotech,"Genomics system design, optimization, and deployment strategies. Skills: cloud computing, prometheus, websockets, docker"
Bioinformatics Research and Applications,Healthcare,"Theoretical foundations and advanced techniques in Bioinformatics. Skills: microservices, ci/cd, aws"
Quantum Cryptography Research and Applications,Quantum Computing,"Industry applications and case studies of Quantum Cryptography in Quantum Computing. Skills: scikit-learn, computer vision, react, ci/cd, kubernetes"
Advanced applications of Privacy in Cybersecurity,Cybersecurity,"Privacy applications in Cybersecurity with focus on practical implementations. Skills: agile, java, spacy"
Containerization implementation challenges and solutions,Cloud Computing,"Theoretical foundations and advanced techniques in Containerization. Skills: javascript, opencv, tensorflow, postgresql"
Quantum Cryptography Research and Applications,Quantum Computing,"Theoretical foundations and advanced techniques in Quantum Cryptography. Skills: time series, reinforcement learning, data mining, huggingface"
VR/AR Learning Research and Applications,EdTech,"VR/AR Learning system design, optimization, and deployment strategies. Skills: docker, tensorflow, huggingface"
Advanced applications of Risk Assessment in FinTech,FinTech,"Risk Assessment system design, optimization, and deployment strategies. Skills: statistical analysis, data mining, scrum, nltk"
Optimization techniques for Big Data Analytics systems,Data Science,"Industry applications and case studies of Big Data Analytics in Data Science. Skills: javascript, prometheus, azure, grafana"
Edge Computing Research and Applications,IoT,"Edge Computing system design, optimization, and deployment strategies. Skills: computer vision, spacy, django, deep learning, huggingface"
Advanced applications of Digital Banking in FinTech,FinTech,"Digital Banking applications in FinTech with focus on practical implementations. Skills: hadoop, microservices, time series, spacy"
Public safety monitoring,IoT,"Research methodology and innovation in Smart Cities domain. Skills: machine learning, terraform, django, keras"
Advanced applications of Quantum ML in Quantum Computing,Quantum Computing,"Research methodology and innovation in Quantum ML domain. Skills: nosql, computer vision, deep learning"
Novel approaches to Precision Medicine problems,Biotech,"Industry applications and case studies of Precision Medicine in Biotech. Skills: ansible, scikit-learn, grafana"
Advanced applications of Educational Analytics in EdTech,EdTech,"Industry applications and case studies of Educational Analytics in EdTech. Skills: aws, machine learning, agile"
Quantum Cryptography Research and Applications,Quantum Computing,"Quantum Cryptography system design, optimization, and deployment strategies. Skills: node.js, elasticsearch, git, react"
Computer Vision Research and Applications,AI/ML,"Research methodology and innovation in Computer Vision domain. Skills: react, gcp, natural language processing, tableau"
Wearables Research and Applications,IoT,"Wearables system design, optimization, and deployment strategies. Skills: java, postgresql, microservices"
Future trends in Synthetic Biology technology,Biotech,"Industry applications and case studies of Synthetic Biology in Biotech. Skills: java, scikit-learn, node.js, django, time series"
Explainable AI Research and Applications,AI/ML,"Explainable AI applications in AI/ML with focus on practical implementations. Skills: azure, prometheus, nltk, flask"
Optimization techniques for Business Intelligence systems,Data Science,"Industry applications and case studies of Business Intelligence in Data Science. Skills: elasticsearch, tensorflow, ansible, docker, computer vision"
Wearables implementation challenges and solutions,IoT,"Research methodology and innovation in Wearables domain. Skills: raspberry pi, deep learning, mongodb"
Novel approaches to Educational Analytics problems,EdTech,"Theoretical foundations and advanced techniques in Educational Analytics. Skills: spacy, scrum, c++"
Advanced applications of Federated Learning in AI/ML,AI/ML,"Industry applications and case studies of Federated Learning in AI/ML. Skills: huggingface, microservices, spacy, ros"
Novel approaches to Human-Robot Interaction problems,Robotics,"Human-Robot Interaction system design, optimization, and deployment strategies. Skills: microservices, c++, scrum, django"
Federated Learning Research and Applications,AI/ML,"Industry applications and case studies of Federated Learning in AI/ML. Skills: tableau, ansible, c++, computer vision"
VR/AR Learning Research and Applications,EdTech,"Industry applications and case studies of VR/AR Learning in EdTech. Skills: django, microservices, rest api"
Optimization techniques for Quantum Algorithms systems,Quantum Computing,"Research methodology and innovation in Quantum Algorithms domain. Skills: computer vision, nosql, git, sql"
Novel approaches to Wearables problems,IoT,"Theoretical foundations and advanced techniques in Wearables. Skills: java, react, node.js, aws, powerbi"
MRI scan analysis for tumor detection,Healthcare,"Medical Imaging applications in Healthcare with focus on practical implementations. Skills: spacy, hadoop, nltk, raspberry pi, natural language processing"
Advanced applications of Precision Medicine in Biotech,Biotech,"Precision Medicine applications in Biotech with focus on practical implementations. Skills: aws, websockets, keras, statistical analysis"
Synthetic Biology Research and Applications,Biotech,"Synthetic Biology system design, optimization, and deployment strategies. Skills: cloud computing, machine learning, scrum"
Future trends in Cryptography technology,Cybersecurity,"Research methodology and innovation in Cryptography domain. Skills: java, azure, javascript, ansible"
Sustainable Agriculture Research and Applications,Green Tech,"Theoretical foundations and advanced techniques in Sustainable Agriculture. Skills: aws, natural language processing, scikit-learn, grafana, arduino"
Optimization techniques for Big Data Analytics systems,Data Science,"Industry applications and case studies of Big Data Analytics in Data Science. Skills: hadoop, data mining, azure"
Advanced applications of Drug Discovery in Healthcare,Healthcare,"Research methodology and innovation in Drug Discovery domain. Skills: reinforcement learning, arduino, computer vision, cloud computing"
Wearables Research and Applications,IoT,"Wearables system design, optimization, and deployment strategies. Skills: azure, cloud computing, machine learning, opencv"
Synthetic Biology Research and Applications,Biotech,"Synthetic Biology system design, optimization, and deployment strategies. Skills: rest api, python, java, tensorflow"
Advanced applications of Genomics in Biotech,Biotech,"Genomics system design, optimization, and deployment strategies. Skills: git, microservices, graphql, rest api"
Wearables Research and Applications,IoT,"Wearables applications in IoT with focus on practical implementations. Skills: scrum, microservices, elasticsearch, node.js, spark"
Advanced applications of Quantum Cryptography in Quantum Computing,Quantum Computing,"Quantum Cryptography system design, optimization, and deployment strategies. Skills: kubernetes, raspberry pi, deep learning, gcp, statistical analysis"
Generative AI Research and Applications,AI/ML,"Theoretical foundations and advanced techniques in Generative AI. Skills: opencv, git, tableau"
Novel approaches to Federated Learning problems,AI/ML,"Federated Learning system design, optimization, and deployment strategies. Skills: huggingface, azure, scrum"
Ultrasound image enhancement,Healthcare,"Medical Imaging system design, optimization, and deployment strategies. Skills: sql, keras, kubernetes, prometheus"
Future trends in Precision Medicine technology,Biotech,"Theoretical foundations and advanced techniques in Precision Medicine. Skills: computer vision, ros, node.js, docker, nosql"
Optimization techniques for Telemedicine systems,Healthcare,"Research methodology and innovation in Telemedicine domain. Skills: prometheus, arduino, azure, data mining, cloud computing"
Renewable Energy implementation challenges and solutions,Green Tech,"Theoretical foundations and advanced techniques in Renewable Energy. Skills: huggingface, keras, java, postgresql, elasticsearch"
Renewable Energy implementation challenges and solutions,Green Tech,"Research methodology and innovation in Renewable Energy domain. Skills: node.js, aws, raspberry pi, graphql, gcp"
Wearables Research and Applications,IoT,"Research methodology and innovation in Wearables domain. Skills: huggingface, kubernetes, rest api, nosql, deep learning"
Optimization techniques for Climate Modeling systems,Green Tech,"Industry applications and case studies of Climate Modeling in Green Tech. Skills: terraform, arduino, hadoop, spark"
Future trends in Data Visualization technology,Data Science,"Industry applications and case studies of Data Visualization in Data Science. Skills: cloud computing, spacy, scrum"
Future trends in Human-Robot Interaction technology,Robotics,"Research methodology and innovation in Human-Robot Interaction domain. Skills: node.js, azure, django, cloud computing, flask"
Novel approaches to Quantum Algorithms problems,Quantum Computing,"Quantum Algorithms system design, optimization, and deployment strategies. Skills: spark, sql, elasticsearch, deep learning"
Risk Assessment Research and Applications,FinTech,"Theoretical foundations and advanced techniques in Risk Assessment. Skills: cloud computing, data mining, arduino, agile"
Novel approaches to Wearables problems,IoT,"Theoretical foundations and advanced techniques in Wearables. Skills: prometheus, git, kubernetes"
Federated Learning Research and Applications,AI/ML,"Research methodology and innovation in Federated Learning domain. Skills: prometheus, azure, computer vision, node.js, nosql"
Advanced applications of Quantum ML in Quantum Computing,Quantum Computing,"Quantum ML applications in Quantum Computing with focus on practical implementations. Skills: raspberry pi, rest api, prometheus"
Novel approaches to Big Data Analytics problems,Data Science,"Big Data Analytics system design, optimization, and deployment strategies. Skills: spacy, microservices, tableau, keras, git"
Bioinformatics Research and Applications,Healthcare,"Bioinformatics system design, optimization, and deployment strategies. Skills: natural language processing, elasticsearch, ci/cd, spacy, javascript"
Novel approaches to Predictive Modeling problems,Data Science,"Predictive Modeling applications in Data Science with focus on practical implementations. Skills: rest api, deep learning, opencv, websockets"
Future trends in Risk Assessment technology,FinTech,"Risk Assessment applications in FinTech with focus on practical implementations. Skills: python, keras, computer vision"
Synthetic Biology Research and Applications,Biotech,"Synthetic Biology system design, optimization, and deployment strategies. Skills: docker, devops, terraform"
Optimization techniques for Microservices systems,Cloud Computing,"Industry applications and case studies of Microservices in Cloud Computing. Skills: java, rest api, powerbi"
Threat Detection Research and Applications,Cybersecurity,"Threat Detection system design, optimization, and deployment strategies. Skills: java, mongodb, ansible, powerbi, websockets"
Advanced applications of Renewable Energy in Green Tech,Green Tech,"Renewable Energy applications in Green Tech with focus on practical implementations. Skills: sql, azure, aws, react, reinforcement learning"
Quantum ML Research and Applications,Quantum Computing,"Industry applications and case studies of Quantum ML in Quantum Computing. Skills: ros, tensorflow, java, opencv"
Autonomous Vehicles Research and Applications,Robotics,"Autonomous Vehicles system design, optimization, and deployment strategies. Skills: scikit-learn, prometheus, ansible, docker"
Novel approaches to Synthetic Biology problems,Biotech,"Theoretical foundations and advanced techniques in Synthetic Biology. Skills: gcp, aws, javascript, natural language processing"
Advanced applications of Predictive Modeling in Data Science,Data Science,"Industry applications and case studies of Predictive Modeling in Data Science. Skills: tensorflow, raspberry pi, keras, postgresql"
Industrial Robotics Research and Applications,Robotics,"Industry applications and case studies of Industrial Robotics in Robotics. Skills: gcp, docker, graphql"
Smart contracts for supply chain,Cybersecurity,"Industry applications and case studies of Blockchain in Cybersecurity. Skills: terraform, react, sql, pytorch, scikit-learn"
Novel approaches to Business Intelligence problems,Data Science,"Research methodology and innovation in Business Intelligence domain. Skills: graphql, grafana, ansible, computer vision, postgresql"
Optimization techniques for Data Visualization systems,Data Science,"Industry applications and case studies of Data Visualization in Data Science. Skills: deep learning, azure, mongodb, microservices"
Future trends in Explainable AI technology,AI/ML,"Explainable AI applications in AI/ML with focus on practical implementations. Skills: reinforcement learning, postgresql, scikit-learn"
Digital Banking implementation challenges and solutions,FinTech,"Theoretical foundations and advanced techniques in Digital Banking. Skills: opencv, deep learning, nosql, ansible"
Advanced applications of Genomics in Biotech,Biotech,"Theoretical foundations and advanced techniques in Genomics. Skills: postgresql, reinforcement learning, nltk, flask"
NLP Research and Applications,AI/ML,"NLP applications in AI/ML with focus on practical implementations. Skills: machine learning, data mining, huggingface, pytorch, react"
Autonomous Vehicles Research and Applications,Robotics,"Research methodology and innovation in Autonomous Vehicles domain. Skills: mongodb, flask, kubernetes, spark"
Medical Imaging Research and Applications,Healthcare,"Theoretical foundations and advanced techniques in Medical Imaging. Skills: scrum, keras, huggingface"
Future trends in Sustainable Agriculture technology,Green Tech,"Sustainable Agriculture applications in Green Tech with focus on practical implementations. Skills: machine learning, postgresql, agile"
Computer Vision Research and Applications,AI/ML,"Theoretical foundations and advanced techniques in Computer Vision. Skills: spark, computer vision, arduino, c++"
Industrial Robotics Research and Applications,Robotics,"Research methodology and innovation in Industrial Robotics domain. Skills: huggingface, keras, arduino"
Synthetic Biology Research and Applications,Biotech,"Industry applications and case studies of Synthetic Biology in Biotech. Skills: time series, django, ros"
MRI scan analysis for tumor detection,Healthcare,"Research methodology and innovation in Medical Imaging domain. Skills: keras, git, azure, sql"
Quantum Algorithms Research and Applications,Quantum Computing,"Industry applications and case studies of Quantum Algorithms in Quantum Computing. Skills: agile, ros, elasticsearch"
Optimization techniques for Industrial Robotics systems,Robotics,"Industrial Robotics applications in Robotics with focus on practical implementations. Skills: time series, spark, c++"
Novel approaches to Data Visualization problems,Data Science,"Data Visualization applications in Data Science with focus on practical implementations. Skills: javascript, statistical analysis, opencv, git"
3D reconstruction from medical scans,Healthcare,"Medical Imaging applications in Healthcare with focus on practical implementations. Skills: c++, scikit-learn, websockets, terraform, agile"
Human-Robot Interaction Research and Applications,Robotics,"Industry applications and case studies of Human-Robot Interaction in Robotics. Skills: statistical analysis, nosql, powerbi, git"
Future trends in Bioinformatics technology,Healthcare,"Industry applications and case studies of Bioinformatics in Healthcare. Skills: keras, agile, time series"
Microservices Research and Applications,Cloud Computing,"Microservices system design, optimization, and deployment strategies. Skills: cloud computing, elasticsearch, react"
Smart Cities Research and Applications,IoT,"Smart Cities system design, optimization, and deployment strategies. Skills: c++, opencv, tableau"
Novel approaches to Business Intelligence problems,Data Science,"Business Intelligence applications in Data Science with focus on practical implementations. Skills: reinforcement learning, java, spacy"
Drug Discovery implementation challenges and solutions,Healthcare,"Research methodology and innovation in Drug Discovery domain. Skills: reinforcement learning, flask, rest api, prometheus, mongodb"
Algorithmic Trading Research and Applications,FinTech,"Research methodology and innovation in Algorithmic Trading domain. Skills: spark, statistical analysis, rest api, react, elasticsearch"
Advanced applications of Predictive Modeling in Data Science,Data Science,"Theoretical foundations and advanced techniques in Predictive Modeling. Skills: raspberry pi, python, natural language processing, node.js, nltk"
Optimization techniques for Quantum ML systems,Quantum Computing,"Industry applications and case studies of Quantum ML in Quantum Computing. Skills: ansible, node.js, powerbi, docker"
Quantum ML Research and Applications,Quantum Computing,"Industry applications and case studies of Quantum ML in Quantum Computing. Skills: data mining, natural language processing, sql, nosql, javascript"
Advanced applications of Business Intelligence in Data Science,Data Science,"Business Intelligence system design, optimization, and deployment strategies. Skills: sql, raspberry pi, graphql, agile"
Optimization techniques for Explainable AI systems,AI/ML,"Research methodology and innovation in Explainable AI domain. Skills: raspberry pi, react, cloud computing"
Blockchain Research and Applications,Cybersecurity,"Blockchain applications in Cybersecurity with focus on practical implementations. Skills: ansible, c++, postgresql, azure, raspberry pi"
Climate Modeling implementation challenges and solutions,Green Tech,"Research methodology and innovation in Climate Modeling domain. Skills: huggingface, machine learning, kubernetes, git"
Future trends in Federated Learning technology,AI/ML,"Federated Learning applications in AI/ML with focus on practical implementations. Skills: microservices, c++, react, gcp"
Predictive Modeling Research and Applications,Data Science,"Theoretical foundations and advanced techniques in Predictive Modeling. Skills: git, cloud computing, reinforcement learning, machine learning"
Synthetic Biology implementation challenges and solutions,Biotech,"Research methodology and innovation in Synthetic Biology domain. Skills: react, pytorch, mongodb"
Novel approaches to Industrial IoT problems,IoT,"Industrial IoT system design, optimization, and deployment strategies. Skills: gcp, opencv, react"
Sustainable Agriculture implementation challenges and solutions,Green Tech,"Industry applications and case studies of Sustainable Agriculture in Green Tech. Skills: scikit-learn, docker, ci/cd, tableau"
Digital Banking Research and Applications,FinTech,"Research methodology and innovation in Digital Banking domain. Skills: docker, elasticsearch, git"
Cryptography Research and Applications,Cybersecurity,"Industry applications and case studies of Cryptography in Cybersecurity. Skills: agile, deep learning, statistical analysis"
Advanced applications of Digital Banking in FinTech,FinTech,"Research methodology and innovation in Digital Banking domain. Skills: python, gcp, terraform, javascript"
Cryptography implementation challenges and solutions,Cybersecurity,"Theoretical foundations and advanced techniques in Cryptography. Skills: django, gcp, ci/cd, elasticsearch, spacy"
Autonomous Vehicles Research and Applications,Robotics,"Industry applications and case studies of Autonomous Vehicles in Robotics. Skills: java, pytorch, websockets"
Optimization techniques for Genomics systems,Biotech,"Theoretical foundations and advanced techniques in Genomics. Skills: kubernetes, gcp, microservices, java, django"
Advanced applications of Quantum Algorithms in Quantum Computing,Quantum Computing,"Quantum Algorithms system design, optimization, and deployment strategies. Skills: powerbi, postgresql, kubernetes, raspberry pi"
Smart Cities Research and Applications,IoT,"Smart Cities applications in IoT with focus on practical implementations. Skills: data mining, keras, hadoop, azure"
Quantum Cryptography Research and Applications,Quantum Computing,"Research methodology and innovation in Quantum Cryptography domain. Skills: rest api, django, tableau, nosql, powerbi"
Threat Detection Research and Applications,Cybersecurity,"Industry applications and case studies of Threat Detection in Cybersecurity. Skills: websockets, microservices, spacy"
Advanced applications of Explainable AI in AI/ML,AI/ML,"Explainable AI system design, optimization, and deployment strategies. Skills: microservices, grafana, prometheus, ci/cd"
Big Data Analytics Research and Applications,Data Science,"Big Data Analytics applications in Data Science with focus on practical implementations. Skills: flask, ros, ci/cd, powerbi, ansible"
Sustainable Agriculture Research and Applications,Green Tech,"Theoretical foundations and advanced techniques in Sustainable Agriculture. Skills: opencv, devops, hadoop, statistical analysis"
Blockchain Research and Applications,Cybersecurity,"Theoretical foundations and advanced techniques in Blockchain. Skills: django, postgresql, computer vision"
Privacy implementation challenges and solutions,Cybersecurity,"Industry applications and case studies of Privacy in Cybersecurity. Skills: time series, grafana, huggingface, machine learning, prometheus"
Future trends in Digital Banking technology,FinTech,"Theoretical foundations and advanced techniques in Digital Banking. Skills: grafana, opencv, tableau, aws"
IoT-based traffic management,IoT,"Theoretical foundations and advanced techniques in Smart Cities. Skills: statistical analysis, react, graphql, gcp"
VR/AR Learning implementation challenges and solutions,EdTech,"Theoretical foundations and advanced techniques in VR/AR Learning. Skills: tensorflow, ros, scrum, postgresql"
Quantum Algorithms Research and Applications,Quantum Computing,"Research methodology and innovation in Quantum Algorithms domain. Skills: scikit-learn, django, huggingface, nltk, arduino"
Cryptography Research and Applications,Cybersecurity,"Theoretical foundations and advanced techniques in Cryptography. Skills: nosql, agile, arduino"
Digital Banking Research and Applications,FinTech,"Industry applications and case studies of Digital Banking in FinTech. Skills: powerbi, git, huggingface"
Climate Modeling Research and Applications,Green Tech,"Climate Modeling applications in Green Tech with focus on practical implementations. Skills: grafana, scikit-learn, hadoop, git"
Optimization techniques for Quantum Algorithms systems,Quantum Computing,"Quantum Algorithms system design, optimization, and deployment strategies. Skills: graphql, elasticsearch, tensorflow, scikit-learn, data mining"
Industrial IoT implementation challenges and solutions,IoT,"Industry applications and case studies of Industrial IoT in IoT. Skills: computer vision, mongodb, rest api, cloud computing, websockets"
Privacy Research and Applications,Cybersecurity,"Theoretical foundations and advanced techniques in Privacy. Skills: nltk, tableau, machine learning"
Novel approaches to Wearables problems,IoT,"Research methodology and innovation in Wearables domain. Skills: python, ros, reinforcement learning"
Business Intelligence Research and Applications,Data Science,"Business Intelligence applications in Data Science with focus on practical implementations. Skills: azure, data mining, ros"
Novel approaches to Quantum ML problems,Quantum Computing,"Quantum ML applications in Quantum Computing with focus on practical implementations. Skills: scikit-learn, gcp, arduino"
Network Security implementation challenges and solutions,Cybersecurity,"Theoretical foundations and advanced techniques in Network Security. Skills: scrum, arduino, aws"
Future trends in Sustainable Agriculture technology,Green Tech,"Sustainable Agriculture applications in Green Tech with focus on practical implementations. Skills: grafana, spacy, pytorch"
Novel approaches to Algorithmic Trading problems,FinTech,"Algorithmic Trading system design, optimization, and deployment strategies. Skills: ansible, node.js, spacy, react, pytorch"
Future trends in Generative AI technology,AI/ML,"Theoretical foundations and advanced techniques in Generative AI. Skills: microservices, tensorflow, java, websockets, spacy"
Educational Analytics Research and Applications,EdTech,"Educational Analytics system design, optimization, and deployment strategies. Skills: node.js, scikit-learn, huggingface, c++, cloud computing"
Advanced applications of Privacy in Cybersecurity,Cybersecurity,"Research methodology and innovation in Privacy domain. Skills: gcp, data mining, raspberry pi, nosql"
Quantum Cryptography Research and Applications,Quantum Computing,"Industry applications and case studies of Quantum Cryptography in Quantum Computing. Skills: hadoop, react, agile, statistical analysis, ansible"
Genomics implementation challenges and solutions,Biotech,"Genomics system design, optimization, and deployment strategies. Skills: natural language processing, ci/cd, websockets"
Chatbot development for customer service,AI/ML,"NLP system design, optimization, and deployment strategies. Skills: cloud computing, microservices, reinforcement learning, azure"
Cryptography Research and Applications,Cybersecurity,"Industry applications and case studies of Cryptography in Cybersecurity. Skills: git, scikit-learn, agile, javascript"
Smart Cities Research and Applications,IoT,"Smart Cities system design, optimization, and deployment strategies. Skills: docker, nosql, hadoop, statistical analysis, scikit-learn"
Drug Discovery implementation challenges and solutions,Healthcare,"Industry applications and case studies of Drug Discovery in Healthcare. Skills: raspberry pi, node.js, gcp, react, azure"
Optimization techniques for VR/AR Learning systems,EdTech,"Industry applications and case studies of VR/AR Learning in EdTech. Skills: deep learning, statistical analysis, mongodb"
Digital Health Research and Applications,Healthcare,"Research methodology and innovation in Digital Health domain. Skills: node.js, postgresql, computer vision, natural language processing, hadoop"
Optimization techniques for Autonomous Vehicles systems,Robotics,"Industry applications and case studies of Autonomous Vehicles in Robotics. Skills: scikit-learn, react, reinforcement learning, nltk"
Digital Banking Research and Applications,FinTech,"Industry applications and case studies of Digital Banking in FinTech. Skills: c++, rest api, reinforcement learning"
Microservices implementation challenges and solutions,Cloud Computing,"Microservices system design, optimization, and deployment strategies. Skills: react, git, grafana"
Digital Banking Research and Applications,FinTech,"Digital Banking system design, optimization, and deployment strategies. Skills: statistical analysis, natural language processing, machine learning, websockets, cloud computing"
Drones Research and Applications,Robotics,"Industry applications and case studies of Drones in Robotics. Skills: deep learning, ros, tableau, cloud computing"
Novel approaches to Quantum ML problems,Quantum Computing,"Theoretical foundations and advanced techniques in Quantum ML. Skills: aws, tensorflow, microservices"
Novel approaches to Autonomous Vehicles problems,Robotics,"Autonomous Vehicles applications in Robotics with focus on practical implementations. Skills: machine learning, azure, microservices"
Quantum ML implementation challenges and solutions,Quantum Computing,"Quantum ML system design, optimization, and deployment strategies. Skills: c++, postgresql, spacy, microservices, gcp"
Text summarization for legal documents,AI/ML,"Theoretical foundations and advanced techniques in NLP. Skills: scikit-learn, python, kubernetes, mongodb, statistical analysis"
Renewable Energy Research and Applications,Green Tech,"Renewable Energy applications in Green Tech with focus on practical implementations. Skills: postgresql, nosql, websockets, scikit-learn"
Novel approaches to Quantum ML problems,Quantum Computing,"Quantum ML system design, optimization, and deployment strategies. Skills: time series, git, javascript"
Advanced applications of Quantum Cryptography in Quantum Computing,Quantum Computing,"Research methodology and innovation in Quantum Cryptography domain. Skills: arduino, scrum, opencv"
Advanced applications of VR/AR Learning in EdTech,EdTech,"Research methodology and innovation in VR/AR Learning domain. Skills: prometheus, docker, gcp, pytorch"
Future trends in Synthetic Biology technology,Biotech,"Theoretical foundations and advanced techniques in Synthetic Biology. Skills: spacy, ansible, python, javascript, keras"
Algorithmic Trading Research and Applications,FinTech,"Algorithmic Trading system design, optimization, and deployment strategies. Skills: arduino, pytorch, graphql, powerbi"
Threat Detection Research and Applications,Cybersecurity,"Theoretical foundations and advanced techniques in Threat Detection. Skills: opencv, postgresql, websockets, sql"
Novel approaches to Explainable AI problems,AI/ML,"Explainable AI system design, optimization, and deployment strategies. Skills: tensorflow, javascript, tableau, agile"
Future trends in Data Visualization technology,Data Science,"Data Visualization applications in Data Science with focus on practical implementations. Skills: hadoop, scikit-learn, opencv, sql, docker"
Containerization Research and Applications,Cloud Computing,"Industry applications and case studies of Containerization in Cloud Computing. Skills: django, devops, postgresql"
Cryptography implementation challenges and solutions,Cybersecurity,"Cryptography system design, optimization, and deployment strategies. Skills: computer vision, aws, git, ansible, agile"
RegTech Research and Applications,FinTech,"RegTech applications in FinTech with focus on practical implementations. Skills: devops, machine learning, azure"
Climate Modeling Research and Applications,Green Tech,"Theoretical foundations and advanced techniques in Climate Modeling. Skills: keras, ansible, terraform, nosql, mongodb"
Advanced applications of Renewable Energy in Green Tech,Green Tech,"Renewable Energy system design, optimization, and deployment strategies. Skills: data mining, huggingface, pytorch, grafana"
Advanced applications of Digital Banking in FinTech,FinTech,"Industry applications and case studies of Digital Banking in FinTech. Skills: natural language processing, mongodb, agile, grafana"
Novel approaches to Threat Detection problems,Cybersecurity,"Research methodology and innovation in Threat Detection domain. Skills: git, sql, agile, django, gcp"
Future trends in Human-Robot Interaction technology,Robotics,"Human-Robot Interaction system design, optimization, and deployment strategies. Skills: hadoop, spacy, reinforcement learning, ansible, spark"
Novel approaches to Big Data Analytics problems,Data Science,"Big Data Analytics applications in Data Science with focus on practical implementations. Skills: machine learning, powerbi, opencv, computer vision, docker"
Bioinformatics Research and Applications,Healthcare,"Bioinformatics applications in Healthcare with focus on practical implementations. Skills: node.js, keras, nosql"
Novel approaches to Containerization problems,Cloud Computing,"Research methodology and innovation in Containerization domain. Skills: opencv, devops, time series, ansible, pytorch"
Sustainable Agriculture Research and Applications,Green Tech,"Sustainable Agriculture applications in Green Tech with focus on practical implementations. Skills: terraform, reinforcement learning, natural language processing"
Optimization techniques for Adaptive Learning systems,EdTech,"Industry applications and case studies of Adaptive Learning in EdTech. Skills: time series, django, terraform, statistical analysis"
Novel approaches to Distributed Systems problems,Cloud Computing,"Distributed Systems system design, optimization, and deployment strategies. Skills: machine learning, grafana, ros, ci/cd, microservices"
Future trends in Sustainable Agriculture technology,Green Tech,"Industry applications and case studies of Sustainable Agriculture in Green Tech. Skills: postgresql, time series, huggingface, rest api, devops"
Predictive Modeling implementation challenges and solutions,Data Science,"Predictive Modeling applications in Data Science with focus on practical implementations. Skills: prometheus, graphql, machine learning"
Industrial IoT Research and Applications,IoT,"Industry applications and case studies of Industrial IoT in IoT. Skills: nltk, rest api, graphql, tensorflow, ros"
Future trends in Precision Medicine technology,Biotech,"Precision Medicine system design, optimization, and deployment strategies. Skills: nosql, c++, agile, docker, aws"
